period,count,mean,median
AM,608458,27.898822926151023,25.0
PM,143690,31.734824970422437,31.0
