feature,vif
num_schools,1.1589486809571399
number_of_students,1.1278459199742403
report_delay_minutes,1.0434022325371501
